model,layer,pearson_r_value_vs_logpence,pearson_p_value,spearman_rho_time_vs_year,spearman_p_time,cosine_value_time,angle_value_time_deg
macberth,4,0.7858285907417155,0.0070439211948790026,0.9464285714285712,9.447938510352377e-08,-0.08755858242511749,84.97683041044813
