model,series,label,n,rho,p,sig
macberth,wheat_price,primary,26,-0.5972649572649572,0.001275090801682717,**
macberth,coin_supply,primary,27,0.47435897435897434,0.012423667428220913,*
macberth,population,primary,26,-0.15076923076923074,0.4622271662737389,ns
macberth,wages,primary,28,0.24192665571975916,0.2148587036107916,ns
macberth,wages,Nominal wages,28,0.3513957307060755,0.06671173140041396,ns
macberth,trade_volume,primary,27,0.13003663003663005,0.5179742160880175,ns
