model,coin,rho_vs_cpi,p_vs_cpi,rho_vs_earn,p_vs_earn
macberth,penny,-0.24002748406306065,0.048661419552863246,-0.00824521891819674,0.9467947631505922
macberth,sixpence,0.37466122075046754,0.0016452559708419435,-0.014925373134328358,0.9038473661942333
macberth,shilling,0.4980341260449669,1.5492208167696043e-05,-0.2448371950986754,0.04418963039517029
macberth,florin,-0.19937397411917393,0.10309953580554768,-0.3444669236935527,0.004021370707224202
