model,coin,rho_vs_cpi,p_vs_cpi,rho_vs_earn,p_vs_earn
macberth,penny,0.5741652983032293,0.001398276728088777,0.031746031746031744,0.8725931294284597
macberth,sixpence,0.49972632731253414,0.006775904304272364,0.15161466885604818,0.4412046496260481
macberth,shilling,0.41543513957307066,0.027913371041883746,0.29337712096332785,0.12972311679591814
macberth,crown,0.08812260536398467,0.6556618482329744,0.26655719759168034,0.1703316953315092
