model,layer,pearson_r_value_vs_logpence,pearson_p_value,spearman_rho_time_vs_year,spearman_p_time,cosine_value_time,angle_value_time_deg
bert,4,0.8204563985169451,0.003638184128010303,0.8821428571428571,1.3558210624788728e-05,-0.1338348388671875,82.30875032909833
