model,series,label,n,rho,p,sig
bert,wheat_price,primary,67,0.40075025939819625,0.0007777656208066259,**
bert,coin_supply,primary,66,-0.6198726646487841,2.8574781888116698e-08,**
bert,population,primary,63,-0.4279473886328725,0.0004676473735166596,**
bert,wages,primary,68,0.22250639386189255,0.06818932973461599,ns
bert,wages,Nominal wages,68,-0.2882391113486276,0.0171422389800121,*
bert,trade_volume,primary,65,-0.12683566433566432,0.31402425158749053,ns
