model,coin,rho_vs_cpi,p_vs_cpi,rho_vs_earn,p_vs_earn
bert,penny,0.5643130815544608,0.0017600902197124032,-0.21784345922276957,0.265449005468897
bert,sixpence,0.44718117131910234,0.017038539931964653,-0.30815544608648054,0.11063071769719879
bert,shilling,0.5243568691844555,0.004178661275660059,-0.2692939244663382,0.16582068547690024
bert,crown,0.3891625615763547,0.04067218138297287,-0.22495894909688013,0.24976255741854597
