model,coin,rho_vs_cpi,p_vs_cpi,rho_vs_earn,p_vs_earn
bert,penny,0.7933732870175974,7.238483982737284e-16,-0.291865480780242,0.0157352368581189
bert,sixpence,0.6164064587548191,2.1912942870985584e-08,-0.3672939649578195,0.0020624209815260364
bert,shilling,0.829026224376837,2.564636259196594e-18,-0.27312287666526697,0.024227316880265026
bert,florin,0.8535328472725884,2.3463399830390356e-20,-0.28720845898385305,0.01756128576501613
